week_end,Group,Sub-Group,product_id,sales_units,forecast_units
2023-07-19,A,AT,AT5X5K,4741.4,3508.125
2023-07-26,A,AT,AT5X5K,8069.0,3508.125
2023-08-02,A,AT,AT5X5K,3284.4,3508.125
2023-08-09,A,AT,AT5X5K,1578.0,3508.125
2023-07-19,A,ATN,ATN01K24P,27434.587,17593.03208333333
2023-07-26,A,ATN,ATN01K24P,35411.291666666664,17593.03208333333
2023-08-02,A,ATN,ATN01K24P,20112.711666666666,17593.03208333333
2023-08-09,A,ATN,ATN01K24P,9921.042,17593.03208333333
2023-07-19,A,ATN,ATN02K12P,4675.5,4054.596375
2023-07-26,A,ATN,ATN02K12P,4999.833333333333,4054.596375
2023-08-02,A,ATN,ATN02K12P,3897.2463333333335,4054.596375
2023-08-09,A,ATN,ATN02K12P,4362.4169999999995,4054.596375
2023-07-19,A,ATPA,ATPA1K24P,0.0,0.0
2023-07-26,A,ATPA,ATPA1K24P,0.0,0.0
2023-08-02,A,ATPA,ATPA1K24P,0.0,0.0
2023-08-09,A,ATPA,ATPA1K24P,0.0,0.0
2023-07-19,A,ATPPCH,ATPPCH5X5K,0.0,0.0
2023-07-26,A,ATPPCH,ATPPCH5X5K,0.0,0.0
2023-08-02,A,ATPPCH,ATPPCH5X5K,0.0,0.0
2023-08-09,A,ATPPCH,ATPPCH5X5K,0.0,0.0
2023-07-19,A,ATWWP,ATWWP001K24P,545.708,324.4331666666667
2023-07-26,A,ATWWP,ATWWP001K24P,396.0,324.4331666666667
2023-08-02,A,ATWWP,ATWWP001K24P,214.416,324.4331666666667
2023-08-09,A,ATWWP,ATWWP001K24P,227.0,324.4331666666667
2023-07-19,A,ATWWP,ATWWP002K12P,40.583,112.84379166666668
2023-07-26,A,ATWWP,ATWWP002K12P,241.0,112.84379166666668
2023-08-02,A,ATWWP,ATWWP002K12P,236.333,112.84379166666668
2023-08-09,A,ATWWP,ATWWP002K12P,186.0,112.84379166666668
2023-07-19,E,EEA,EEA200G24P,0.0,0.0
2023-07-26,E,EEA,EEA200G24P,0.0,0.0
2023-08-02,E,EEA,EEA200G24P,0.0,0.0
2023-08-09,E,EEA,EEA200G24P,0.0,0.0
2023-07-19,E,EEA,EEA500G12P,0.0,0.0
2023-07-26,E,EEA,EEA500G12P,0.0,0.0
2023-08-02,E,EEA,EEA500G12P,0.0,0.0
2023-08-09,E,EEA,EEA500G12P,0.0,0.0
2023-07-19,M,MAC,MAC1K25P,70.0,31.75
2023-07-26,M,MAC,MAC1K25P,5.0,31.75
2023-08-02,M,MAC,MAC1K25P,50.0,31.75
2023-08-09,M,MAC,MAC1K25P,10.0,31.75
2023-07-19,M,MAHS,MAHS025K,325.0,156.625
2023-07-26,M,MAHS,MAHS025K,413.0,156.625
2023-08-02,M,MAHS,MAHS025K,471.0,156.625
2023-08-09,M,MAHS,MAHS025K,41.0,156.625
2023-07-19,M,MAP,MAP1K25P,0.0,0.0
2023-07-26,M,MAP,MAP1K25P,25.0,0.0
2023-08-02,M,MAP,MAP1K25P,440.0,0.0
2023-08-09,M,MAP,MAP1K25P,10.0,0.0
2023-07-19,M,MAPA,MAPA1K24P,0.0,0.0
2023-07-26,M,MAPA,MAPA1K24P,0.0,0.0
2023-08-02,M,MAPA,MAPA1K24P,0.0,0.0
2023-08-09,M,MAPA,MAPA1K24P,0.0,0.0
2023-07-19,M,MAR,MAR01K24P,5084.457,4712.26775
2023-07-26,M,MAR,MAR01K24P,4299.0,4712.26775
2023-08-02,M,MAR,MAR01K24P,4334.253,4712.26775
2023-08-09,M,MAR,MAR01K24P,2225.42,4712.26775
2023-07-19,M,MAR,MAR02K12P,483.58299999999997,771.79375
2023-07-26,M,MAR,MAR02K12P,544.0,771.79375
2023-08-02,M,MAR,MAR02K12P,657.3299999999999,771.79375
2023-08-09,M,MAR,MAR02K12P,1134.0,771.79375
2023-07-19,M,MASR,MASR025K,758.0,606.375
2023-07-26,M,MASR,MASR025K,951.0,606.375
2023-08-02,M,MASR,MASR025K,1298.0,606.375
2023-08-09,M,MASR,MASR025K,1715.0,606.375
2023-07-19,P,POP,POP001L12P,16412.0,13288.5
2023-07-26,P,POP,POP001L12P,26644.0,13288.5
2023-08-02,P,POP,POP001L12P,21776.0,13288.5
2023-08-09,P,POP,POP001L12P,12572.0,13288.5
2023-07-19,P,POP,POP002L09P,1034.0000000000002,1252.7500000000005
2023-07-26,P,POP,POP002L09P,1098.0000000000005,1252.7500000000005
2023-08-02,P,POP,POP002L09P,1466.0000000000005,1252.7500000000005
2023-08-09,P,POP,POP002L09P,782.0000000000002,1252.7500000000005
2023-07-19,P,POP,POP005L04P,221.0,460.25
2023-07-26,P,POP,POP005L04P,295.0,460.25
2023-08-02,P,POP,POP005L04P,379.0,460.25
2023-08-09,P,POP,POP005L04P,170.0,460.25
2023-07-19,P,POP,POP015K,0.0,0.0
2023-07-26,P,POP,POP015K,0.0,0.0
2023-08-02,P,POP,POP015K,0.0,0.0
2023-08-09,P,POP,POP015K,0.0,0.0
2023-07-19,P,POP,POP500M24P,1878.0,2401.125
2023-07-26,P,POP,POP500M24P,2058.0,2401.125
2023-08-02,P,POP,POP500M24P,3049.0000000000005,2401.125
2023-08-09,P,POP,POP500M24P,1216.0,2401.125
2023-07-19,P,POPF,POPF01L12P,1690.0,837.0
2023-07-26,P,POPF,POPF01L12P,944.0,837.0
2023-08-02,P,POPF,POPF01L12P,770.0,837.0
2023-08-09,P,POPF,POPF01L12P,1220.0,837.0
2023-07-19,P,POV,POV001L24P,9122.0,9690.625
2023-07-26,P,POV,POV001L24P,13763.0,9690.625
2023-08-02,P,POV,POV001L24P,16646.999999999996,9690.625
2023-08-09,P,POV,POV001L24P,6234.000000000001,9690.625
2023-07-19,P,POV,POV002L09P,2664.0,3402.625
2023-07-26,P,POV,POV002L09P,5307.0,3402.625
2023-08-02,P,POV,POV002L09P,5040.000000000001,3402.625
2023-08-09,P,POV,POV002L09P,2135.0,3402.625
2023-07-19,P,POV,POV005L04P,1326.0,1584.625
2023-07-26,P,POV,POV005L04P,1798.0,1584.625
2023-08-02,P,POV,POV005L04P,2060.0,1584.625
2023-08-09,P,POV,POV005L04P,1496.0,1584.625
2023-07-19,P,POV,POV500M24P,5040.0,6209.5
2023-07-26,P,POV,POV500M24P,7188.0,6209.5
2023-08-02,P,POV,POV500M24P,8777.0,6209.5
2023-08-09,P,POV,POV500M24P,3544.000000000001,6209.5
2023-07-19,S,SE,SE200G24P,297.1670833333334,271.3644791666667
2023-07-26,S,SE,SE200G24P,268.0,271.3644791666667
2023-08-02,S,SE,SE200G24P,184.29208333333335,271.3644791666667
2023-08-09,S,SE,SE200G24P,245.0,271.3644791666667
2023-07-19,S,SE,SE500G24P,5330.253000000001,3873.5666250000004
2023-07-26,S,SE,SE500G24P,3821.0,3873.5666250000004
2023-08-02,S,SE,SE500G24P,2772.834,3873.5666250000004
2023-08-09,S,SE,SE500G24P,3377.083,3873.5666250000004
2023-07-19,S,SO,SO0001L12P,0.0,0.0
2023-07-26,S,SO,SO0001L12P,0.0,0.0
2023-08-02,S,SO,SO0001L12P,0.0,0.0
2023-08-09,S,SO,SO0001L12P,0.0,0.0
2023-07-19,S,SO,SO0002L09P,0.0,0.0
2023-07-26,S,SO,SO0002L09P,0.0,0.0
2023-08-02,S,SO,SO0002L09P,0.0,0.0
2023-08-09,S,SO,SO0002L09P,0.0,0.0
2023-07-19,S,SO,SO0005L04P,0.0,0.0
2023-07-26,S,SO,SO0005L04P,0.0,0.0
2023-08-02,S,SO,SO0005L04P,0.0,0.0
2023-08-09,S,SO,SO0005L04P,0.0,0.0
2023-07-19,S,SO,SO0500M24P,0.0,0.0
2023-07-26,S,SO,SO0500M24P,0.0,0.0
2023-08-02,S,SO,SO0500M24P,0.0,0.0
2023-08-09,S,SO,SO0500M24P,0.0,0.0
2023-07-19,S,SOP,SOP001L12P,410.670018115942,601.7608808876811
2023-07-26,S,SOP,SOP001L12P,436.0,601.7608808876811
2023-08-02,S,SOP,SOP001L12P,228.9129528985507,601.7608808876811
2023-08-09,S,SOP,SOP001L12P,543.9999999999999,601.7608808876811
2023-07-19,S,SOS,SOS001L12P,32371.000000000007,36150.540624999994
2023-07-26,S,SOS,SOS001L12P,36048.82998188405,36150.540624999994
2023-08-02,S,SOS,SOS001L12P,43143.33297101448,36150.540624999994
2023-08-09,S,SOS,SOS001L12P,31264.330072463774,36150.540624999994
2023-07-19,S,SOS,SOS002L09P,23780.44402173913,24297.781114130434
2023-07-26,S,SOS,SOS002L09P,26567.000000000004,24297.781114130434
2023-08-02,S,SOS,SOS002L09P,27483.55398550725,24297.781114130434
2023-08-09,S,SOS,SOS002L09P,14867.0,24297.781114130434
2023-07-19,S,SOS,SOS003L04P,6066.999999999998,5345.79375
2023-07-26,S,SOS,SOS003L04P,4990.0,5345.79375
2023-08-02,S,SOS,SOS003L04P,5049.749999999999,5345.79375
2023-08-09,S,SOS,SOS003L04P,3078.9999999999995,5345.79375
2023-07-19,S,SOS,SOS005L04P,36294.0,35112.40625
2023-07-26,S,SOS,SOS005L04P,29034.999999999996,35112.40625
2023-08-02,S,SOS,SOS005L04P,32906.5,35112.40625
2023-08-09,S,SOS,SOS005L04P,23049.25,35112.40625
2023-07-19,S,SOS,SOS008L02P,2098.0,2116.75
2023-07-26,S,SOS,SOS008L02P,1736.9999999999998,2116.75
2023-08-02,S,SOS,SOS008L02P,2659.0,2116.75
2023-08-09,S,SOS,SOS008L02P,2120.0,2116.75
2023-07-19,S,SOS,SOS250M48P,1337.9999999999995,1055.2499999999998
2023-07-26,S,SOS,SOS250M48P,1403.9999999999998,1055.2499999999998
2023-08-02,S,SOS,SOS250M48P,1707.9999999999995,1055.2499999999998
2023-08-09,S,SOS,SOS250M48P,1245.9999999999995,1055.2499999999998
2023-07-19,S,SOS,SOS500M24P,13807.000000000004,14987.536367753628
2023-07-26,S,SOS,SOS500M24P,12951.000000000004,14987.536367753628
2023-08-02,S,SOS,SOS500M24P,16303.000000000005,14987.536367753628
2023-08-09,S,SOS,SOS500M24P,9060.000000000007,14987.536367753628
